Designator,Footprint,Quantity,Value,LCSC Part #
"_6, _5, _4",212a6856-f275-4822-a761-75b07884269b,3,,
"_3, _2, ",bce4f5f5-1da5-494e-a908-01ed689de916,3,,
BAT1,BAT-SMD_BH-18650-B5BA016,1,BH-18650-B5BA016,C19184086
"C1, C10, C11, C12, C13, C50, C51, C52, C53, C65, C7, C70, C85, C9",C0402,14,0.1uF,C309458
"C14, C57, C58, C68, C74, C82, C86",C0402,7,22uF,C6119813
"C15, C16, C17, C18, C19, C21, C24, C25",C0603,8,0.1uF/50V,C14663
C2,C0805,1,10uF/25V,C3039694
"C20, C22",C0402,2,1uF/50V,C7500380
"C23, C27, C30",C1206,3,10uF/25V,C9807
"C26, C47",C0402,2,0.1uF/25V,C100072
"C28, C29",C0402,2,47nF/50V,C272875
C3,C1206,1,22uF/16V,C7472972
"C31, C34, C37, C39, C89, C90",C0402,6,0.1uF/50V,C77020
"C32, C59, C60, C61, C62, C64, C84",C0402,7,2.2uF,C385032
"C33, C35, C38, C40",C1206,4,10uF/50V,C13585
C36,C0603,1,4.7uF/16V,C22399629
"C4, C49",C0402,2,3.3nF,C541378
"C41, C87, C88",C0402,3,1nF/50V,C77018
"C42, C44, C5, C63",C0402,4,0.1uF,C1525
"C43, C45",C1206,2,10uF,C109464
"C46, C48",C0805,2,22uF/25V,C602037
"C54, C55",C0402,2,22pF_NM,C1555
C56,C0402,1,0.1nF,C106200
C6,C0603,1,22uF,C109447
"C66, C73, C76, C77, C78, C79, C80, C81, C83",C0402,9,1uF,C14445
C67,C0603,1,500pF,C1624
C69,CASE-D_7343,1,6TPE470MAZU,C79114
C8,C0402,1,10nF,C541371
"C91, C94",C0402,2,2.2uF/35V,C6119793
CE1,CONN-SMD_HC-1.25-8PWT,1,HC-1.25-8PWT,C2845385
"CO2, IO1, NO2, PM1, PM2",CONN-SMD_8P-P1.25_HC-1.25-8PLT,5,HC-1.25-8PLT,C2845394
D1,SOD2512X80N,1,BAS16J_135,
D2,SOD-323_L1.8-W1.3-LS2.5-RD,1,MMSZ5246BS-7-F,C151819
D3,SMB_L4.4-W3.6-LS5.3-RD,1,SMBJ24A_C908801,C908801
"D4, D5, D6, D7",SOD-123_L2.7-W1.6-LS3.7-FD,4,B5817W_C7420328,C7420328
"D8, D9",SOD-523_L1.2-W0.8-LS1.6-RD,2,BZT52C12T-7,C507911
DC1,DC-IN-SMD_DC-045A-13A,1,DC-045A-13A,C707277
F1,F1206,1,2A-16V,C2685749
FB1,L0805,1,PBY201209T-601Y-N,C108304
"I2C1, I2C2",HDR-TH_4P-P2.54-V-F,2,Conn_01x04,C2718488
I2C3,CONN-SMD_1.25-4PWB,1,1.25-4PWB,C2905011
L1,IND-SMD_L7.1-W6.5-P5.60,1,SPM6530T-1R0M120,C87572
L2,IND-SMD_L4.0-W4.0_XAL4030-332MEC,1,XGL4020-102MEC,C5357696
L3,IND-SMD_L4.0-W4.0_XGL4020,1,YSMC0420V-1R0M,C7433091
LED2,LED-TH_BD3.8-P2.54-FD_BLUE,1,XL-304UBC,C2895465
LED3,LED0603-RD_RED,1,FC-DA1608HRK-620D,C84263
NTC1,R0805,1,KNTC0805/10KF3950,C2892549
PWR_SW1,SW-TH_TK-6580A8-1,1,TK-6580A8-1,C528772
"Q1, Q2",PQFN-8_L5.8-W4.9-P1.27-LS6.0-BL,2,CSD18534Q5A,
"Q3, Q4, Q5, Q6",VSON-8_3.3x3.3mm_P0.65mm_NexFET,4,CSD17577Q3A,C201632
"R1, R2",R0402,2,5.1K,C105872
"R10, R13, R36",R0402,3,100,C606168
R11,R2512,1,10m / 1W,C705061
"R12, R14, R15, R9",R0402,4,1K,C851849
R16,R0603,1,10.5K,C137808
"R17, R19",R0603,2,5.1K,C105580
R18,R0603,1,10M,C114606
R20,R0603,1,1M,C105578
R21,R0603,1,3M,C126361
R22,R0603,1,10K,C98220
R24,R0603,1,470K,C114622
"R26, R27, R33, R41, R51, R72",R0603,6,0,C100044
"R28, R29, R30, R32, R4, R45, R49, R5, R50",R0402,9,10K,C60490
"R3, R31, R37, R6",R0402,4,100K,C60491
R34,R0603,1,5.23K,C185317
R35,R0603,1,255K,C295887
R38,R0603,1,30.1K,C137745
R39,R0402,1,200K,C606170
R40,R0603,1,27K,C114614
"R42, R57",R0603,2,7.15K,C861562
R43,R0402,1,16.9K,C163488
R44,R0603,1,5K,C862232
R46,R0402,1,1M,C327799
"R47, R58, R59, R60, R61, R64, R65, R66, R67, R69, R70, R74, R81",R0402,13,10K,C327797
R48,R0402,1,5.1K,C413002
R52,R0402,1,113k,C273332
"R53, R54, R55, R68, R79, R80, R82",R0402,7,1K,C106235
R56,R0402,1,24.9k,C226371
"R62, R63",R0402,2,22,C114765
R7,R0402,1,51K,C107229
R71,R0402,1,210,C2076880
"R83, R86",R0402,2,2,C514778
"R84, R85",R0402,2,294,C477682
SW1,KEY-TH_TS-1096-A1B2-D2,1,TS-1096-A1B2-D2,C492993
U1,WIRELM-SMD_ESP32-C6-WROOM-1,1,ESP32-C6-WROOM-1-N8,C5366877
U12,SOIC-8_L4.9-W3.9-P1.27-LS6.0-BL,1,AT24CM02-SSHD-B,C220680
"U13, U14, U15, U16, U17, U18, U19",SOT-23-6_L2.9-W1.6-P0.95-LS2.8-BR,7,TPS27081ADDCR,C128404
U2,VQFN-HR-9_L2.0-W1.5-P0.50-TL,1,TPS62902RPJR,C2870154
U3,SOT-23-6_L2.9-W1.6-P0.95-LS2.8-BR,1,TPL5010DDCR,C473912
U4,TSSOP-20_L6.5-W4.4-P0.65-LS6.4-BL,1,BQ7790512PWR,C555146
U5,QFN-29_L4.0-W4.0-P0.40-TL-BQ25792RQMR,1,BQ25798RQMR,C2876593
U6,VQFNHR-9_L2.2-W2.0_TPS62993QRYTRQ1,1,TPS62903QRYTRQ1_C20345985,C20345985
U7,SOT-583-8_L2.1-W1.2-P0.50-LS1.6-BL,1,TPS2117DRLR_C22399676,C22399676
U8,SSOP-16_L7.2-W5.3-P0.65-LS7.8-BL,1,WK2132-ISSG,C401039
USB1,USB-C-SMD_G-SWITCH_GT-USB-7010ASV,1,GT-USB-7010ASV,C2988369
X1,OSC-SMD_L5.0-W3.2,1,SMD-5032_2P 14.7456MHZ 20PF 20PPM,C362355
