Designator,Mid X,Mid Y,Rotation,Layer
_6,193.26,-86.445,90.0,top
_5,100.8,-104.02,90.0,top
_4,100.8375,-67.345,90.0,top
_3,101.26,-85.845,0.0,top
_2,193.6975,-104.92,0.0,top
,193.6975,-67.845,0.0,top
BAT1,145.81,-85.82,0.0,top
C1,129.47,-113.96,180.0,bottom
C10,103.06,-115.47,180.0,top
C11,148.01,-65.42,0.0,bottom
C12,147.71,-59.52,0.0,bottom
C13,155.96,-115.52,0.0,top
C14,136.81,-107.32,180.0,bottom
C15,175.61,-102.275,90.0,bottom
C16,175.11,-110.84,90.0,bottom
C17,181.285,-102.3,270.0,bottom
C18,177.21,-110.865,90.0,bottom
C19,177.71,-102.275,90.0,bottom
C2,136.585,-101.282347,270.0,bottom
C20,183.235,-110.725,180.0,bottom
C21,179.31,-110.84,90.0,bottom
C22,181.085,-110.65,90.0,bottom
C23,168.845,-62.32,180.0,bottom
C24,174.76,-87.22,0.0,bottom
C25,191.83,-101.95,90.0,bottom
C26,175.785,-60.62,0.0,bottom
C27,169.77,-55.02,180.0,bottom
C28,181.21,-64.195,90.0,bottom
C29,172.935,-65.52,90.0,bottom
C3,151.31,-94.57,0.0,bottom
C30,170.31,-66.635,90.0,bottom
C31,178.73,-68.31,180.0,bottom
C32,122.86,-103.77,90.0,bottom
C33,179.395,-70.62,180.0,bottom
C34,183.71,-67.82,270.0,bottom
C35,186.06,-68.83,270.0,bottom
C36,186.1,-64.35,270.0,bottom
C37,178.41,-60.595,180.0,bottom
C38,186.135,-56.28,270.0,bottom
C39,183.01,-61.22,90.0,bottom
C4,138.135,-98.432347,180.0,bottom
C40,183.11,-56.28,270.0,bottom
C41,173.56,-62.195,270.0,bottom
C42,182.6,-83.92,180.0,bottom
C43,187.225,-86.145,0.0,bottom
C44,182.6,-82.47,180.0,bottom
C45,181.56,-86.17,180.0,bottom
C46,177.185,-83.22,180.0,bottom
C47,180.035,-81.095,90.0,bottom
C48,177.21,-80.695,180.0,bottom
C49,183.95,-76.57,270.0,bottom
C5,138.835,-100.582347,90.0,bottom
C50,136.81,-109.32,180.0,bottom
C51,124.66,-115.245,180.0,bottom
C52,149.81,-72.02,270.0,bottom
C53,145.01,-82.22,0.0,bottom
C54,151.085,-78.62,0.0,bottom
C55,151.11,-87.195,0.0,bottom
C56,143.69,-90.445,0.0,bottom
C57,118.56,-105.37,90.0,bottom
C58,118.01,-97.52,180.0,bottom
C59,123.72,-96.17,90.0,bottom
C6,131.56,-62.22,90.0,bottom
C60,107.76,-93.07,270.0,bottom
C61,164.16,-81.57,90.0,bottom
C62,107.635,-99.02,270.0,bottom
C63,150.21,-96.62,0.0,bottom
C64,163.96,-75.07,90.0,bottom
C65,159.71,-114.02,0.0,bottom
C66,114.01,-93.32,0.0,bottom
C67,121.56,-84.32,90.0,bottom
C68,114.035,-99.72,0.0,bottom
C69,148.36,-102.32,0.0,bottom
C7,131.56,-59.17,270.0,bottom
C70,109.96,-79.395,270.0,bottom
C73,159.66,-82.87,90.0,bottom
C74,157.96,-75.97,90.0,bottom
C76,120.01,-91.82,180.0,bottom
C77,120.01,-99.42,180.0,bottom
C78,110.61,-97.12,0.0,bottom
C79,110.485,-103.57,0.0,bottom
C8,109.66,-73.82,270.0,bottom
C80,160.61,-70.72,180.0,bottom
C81,161.01,-77.02,180.0,bottom
C82,126.26,-105.47,90.0,bottom
C83,127.81,-99.02,180.0,bottom
C84,130.86,-104.27,90.0,bottom
C85,130.96,-111.12,270.0,bottom
C86,133.11,-111.12,270.0,bottom
C87,166.79,-96.41,90.0,bottom
C88,161.2625,-99.145,90.0,bottom
C89,181.41,-66.32,0.0,bottom
C9,127.51,-83.92,270.0,bottom
C90,181.435,-67.695,0.0,bottom
C91,161.65,-104.43,90.0,bottom
C94,167.93,-105.01,90.0,bottom
CE1,99.96,-90.94,90.0,bottom
CO2,141.36,-61.82,0.0,bottom
D1,184.26,-98.125,0.0,bottom
D2,188.33,-96.05,180.0,bottom
D3,181.46,-120.52,180.0,bottom
D4,137.36,-79.47,270.0,bottom
D5,135.11,-79.46,90.0,bottom
D6,141.91,-79.47,270.0,bottom
D7,139.66,-79.46,90.0,bottom
D8,166.8,-99.24,90.0,bottom
D9,159.7625,-99.245,90.0,bottom
DC1,189.26,-116.42,90.0,top
F1,140.61,-107.53,270.0,bottom
FB1,174.83,-78.32,180.0,bottom
I2C1,104.0,-118.22,0.0,top
I2C2,160.3,-118.22,0.0,top
I2C3,161.69,-110.29,180.0,bottom
IO1,158.06,-61.12,0.0,bottom
L1,177.04,-56.035002,0.0,bottom
L2,187.35,-81.19,90.0,bottom
L3,144.76,-97.22,270.0,bottom
LED2,126.17,-119.14,180.0,top
LED3,185.41,-61.32,0.0,bottom
NO2,158.06,-67.695,0.0,bottom
NTC1,103.96,-73.32,270.0,top
PM1,141.36,-67.52,0.0,bottom
PM2,141.36,-73.82,0.0,bottom
PWR_SW1,173.07,-116.42,0.0,top
Q1,176.025,-91.52,90.0,bottom
Q2,184.585,-91.5,270.0,bottom
Q3,164.17,-101.55,270.0,bottom
Q4,164.18,-97.01,90.0,bottom
Q5,156.9675,-101.495,270.0,bottom
Q6,156.9825,-97.11,90.0,bottom
R1,139.01,-113.21,0.0,bottom
R10,174.56,-99.395,270.0,bottom
R11,169.955,-94.3,90.0,bottom
R12,177.21,-107.12,270.0,bottom
R13,176.11,-99.395,270.0,bottom
R14,183.355,-112.0,180.0,bottom
R15,179.31,-107.12,270.0,bottom
R16,169.61,-59.12,180.0,bottom
R17,181.36,-98.875,270.0,bottom
R18,177.71,-98.875,90.0,bottom
R19,179.56,-98.85,270.0,bottom
R2,139.03,-114.62,0.0,bottom
R20,184.66,-100.2,0.0,bottom
R21,187.91,-98.125,0.0,bottom
R22,191.385,-105.47,270.0,bottom
R24,187.91,-100.175,0.0,bottom
R26,172.795,-101.35,90.0,bottom
R27,190.48,-110.7,180.0,bottom
R28,159.84,-54.38,270.0,bottom
R29,158.24,-54.38,270.0,bottom
R3,129.58,-115.2,180.0,bottom
R30,185.04,-59.77,0.0,bottom
R31,174.66,-68.32,0.0,bottom
R32,147.04,-88.62,180.0,bottom
R33,169.61,-57.32,0.0,bottom
R34,176.8,-74.19,0.0,bottom
R35,176.81,-75.82,0.0,bottom
R36,167.99,-68.5,90.0,bottom
R37,173.46,-75.96,180.0,bottom
R38,173.26,-74.18,0.0,bottom
R39,184.66,-73.99,90.0,bottom
R4,131.66,-69.82,270.0,bottom
R40,183.16,-73.47,270.0,bottom
R41,157.56,-87.47,270.0,bottom
R42,181.8,-76.47,270.0,bottom
R43,145.88,-106.55,0.0,bottom
R44,150.64,-111.92,0.0,bottom
R45,143.24,-105.37,90.0,bottom
R46,153.475,-83.005014,90.0,bottom
R47,141.16,-90.42,0.0,bottom
R48,136.76,-90.42,0.0,bottom
R49,147.51,-91.25,270.0,bottom
R5,109.23,-76.17,0.0,bottom
R50,172.43,-68.07,90.0,bottom
R51,186.245,-111.15,180.0,bottom
R52,139.405,-94.782347,180.0,bottom
R53,122.43,-91.82,0.0,bottom
R54,164.39,-78.42,0.0,bottom
R55,164.79,-72.42,0.0,bottom
R56,138.985,-96.552347,90.0,bottom
R57,136.535,-96.232347,270.0,bottom
R58,120.26,-89.32,0.0,bottom
R59,159.36,-85.55,90.0,bottom
R6,121.76,-79.715,270.0,bottom
R60,118.19,-85.42,0.0,bottom
R61,110.26,-64.85,90.0,bottom
R62,131.21,-80.07,90.0,bottom
R63,132.61,-80.07,90.0,bottom
R64,117.06,-101.85,270.0,bottom
R65,117.06,-95.09,270.0,bottom
R66,113.36,-95.19,90.0,bottom
R67,157.26,-79.02,270.0,bottom
R68,107.33,-101.795,180.0,bottom
R69,113.185,-101.89,90.0,bottom
R7,126.01,-83.965,90.0,bottom
R70,157.96,-72.89,270.0,bottom
R71,124.855,-113.295,0.0,bottom
R72,180.0,-76.57,270.0,bottom
R74,127.26,-90.19,270.0,bottom
R79,107.33,-96.02,180.0,bottom
R80,122.66,-100.59,270.0,bottom
R81,124.76,-102.09,270.0,bottom
R82,130.86,-100.52,270.0,bottom
R83,159.96,-103.78,0.0,bottom
R84,161.2875,-96.47,90.0,bottom
R85,166.2,-92.9,90.0,bottom
R86,167.25,-102.81,0.0,bottom
R9,175.11,-107.12,270.0,bottom
SW1,118.49,-118.15,180.0,top
U1,120.91,-66.77,0.0,bottom
U12,111.29,-83.6,270.0,bottom
U13,119.86,-102.07,180.0,bottom
U14,120.01,-94.67,180.0,bottom
U15,110.51,-94.655,0.0,bottom
U16,110.455,-100.545,0.0,bottom
U17,161.01,-79.47,180.0,bottom
U18,161.06,-73.32,180.0,bottom
U19,127.61,-102.07,180.0,bottom
U2,140.735,-99.492347,0.0,bottom
U3,124.66,-81.135,180.0,bottom
U4,186.26,-106.425,90.0,bottom
U5,177.08,-64.765,0.0,bottom
U6,182.64,-80.17,0.0,bottom
U7,143.99,-109.05,180.0,bottom
U8,139.66,-85.605014,270.0,bottom
USB1,134.33,-119.02,0.0,top
X1,150.545,-82.905014,90.0,bottom
